state,avg_csat
Arunachal Pradesh,5.373239436619718
Goa,5.3546099290780145
Sikkim,5.345070422535211
Uttarakhand,5.330985915492958
Puducherry,5.316901408450704
Assam,5.308626974483596
Odisha,5.302423603793467
Himachal Pradesh,5.286624203821656
Nagaland,5.271317829457364
Delhi,5.262745098039216
