state,avg_csat
Tripura,4.969072164948454
Chandigarh,5.073684210526316
Madhya Pradesh,5.0845921450151055
Punjab,5.117924528301887
Daman and Diu,5.12280701754386
Lakshadweep,5.12781954887218
Manipur,5.13103448275862
Karnataka,5.144730890999548
Dadra and Nagar Haveli,5.155555555555556
West Bengal,5.175100401606426
