,count,mean,std,min,25%,50%,75%,max
csat_score,30000.0,5.203,1.4703275356538998,1.0,5.0,5.0,5.0,10.0
call_duration_in_minutes,30000.0,25.0141,11.821571786723215,5.0,15.0,25.0,35.0,45.0
