,count,mean,std,min,25%,50%,75%,max
csat_score,29865.0,5.203415369161226,1.4709806965064363,1.0,5.0,5.0,5.0,10.0
call_duration_in_minutes,29865.0,25.02012389084212,11.821271618663232,5.0,15.0,25.0,35.0,45.0
