call_center,avg_csat_score,avg_call_duration
Chennai,5.235294117647059,25.048164232135807
Delhi,5.211805277087176,25.022134894538457
Kolkata,5.167244544156639,25.078523353049153
Mumbai,5.202610441767068,24.981726907630524
