call_center,Billing Question,Payments,Service Outage
Chennai,5.221238938053097,5.287709497206704,5.253405994550409
Delhi,5.211540628874112,5.239514348785872,5.184977578475336
Kolkata,5.172874609041797,5.204022988505747,5.101449275362318
Mumbai,5.193793006600196,5.221985815602837,5.2274317704688595
